02-007282@0149,ROCKFORD (POWERTRAIN COMPONENTS)
02-019274@0149,ROCKFORD (POWERTRAIN COMPONENTS)
02-021759@0149,ROCKFORD (POWERTRAIN COMPONENTS)
02025300@0149,ROCKFORD (POWERTRAIN COMPONENTS)
02025308@0149,ROCKFORD (POWERTRAIN COMPONENTS)
02025316@0149,ROCKFORD (POWERTRAIN COMPONENTS)
02025328@0149,ROCKFORD (POWERTRAIN COMPONENTS)
02025335@0149,ROCKFORD (POWERTRAIN COMPONENTS)
02025341@0149,ROCKFORD (POWERTRAIN COMPONENTS)
02031424@0149,ROCKFORD (POWERTRAIN COMPONENTS)
02060742@0149,ROCKFORD (POWERTRAIN COMPONENTS)
03-018695@0149,ROCKFORD (POWERTRAIN COMPONENTS)
03025340@0149,ROCKFORD (POWERTRAIN COMPONENTS)
03066644@0149,ROCKFORD (POWERTRAIN COMPONENTS)
03067836@0149,ROCKFORD (POWERTRAIN COMPONENTS)
03072317@0149,ROCKFORD (POWERTRAIN COMPONENTS)
03075937@0149,ROCKFORD (POWERTRAIN COMPONENTS)
04031734@0149,ROCKFORD (POWERTRAIN COMPONENTS)
04037344@0149,ROCKFORD (POWERTRAIN COMPONENTS)
04069089@0149,ROCKFORD (POWERTRAIN COMPONENTS)
04071873@0149,ROCKFORD (POWERTRAIN COMPONENTS)
04073918@0149,ROCKFORD (POWERTRAIN COMPONENTS)
04076261@0149,ROCKFORD (POWERTRAIN COMPONENTS)
04084812@0149,ROCKFORD (POWERTRAIN COMPONENTS)
04086247@0149,ROCKFORD (POWERTRAIN COMPONENTS)
105-19849-1@0149,ROCKFORD (POWERTRAIN COMPONENTS)
114-3155@0149,ROCKFORD (POWERTRAIN COMPONENTS)
121-4071@0149,ROCKFORD (POWERTRAIN COMPONENTS)
13876J@0149,ROCKFORD (POWERTRAIN COMPONENTS)
14912J@0149,ROCKFORD (POWERTRAIN COMPONENTS)
18860-J@0149,ROCKFORD (POWERTRAIN COMPONENTS)
"18R,10@1482",AMP INC  
2-06569@0149,ROCKFORD (POWERTRAIN COMPONENTS)
2-095-000-07679@0149,ROCKFORD (POWERTRAIN COMPONENTS)
2-18924@0149,ROCKFORD (POWERTRAIN COMPONENTS)
2-19287@0149,ROCKFORD (POWERTRAIN COMPONENTS)
2-22117@0149,ROCKFORD (POWERTRAIN COMPONENTS)
2-403-249-04333@0149,ROCKFORD (POWERTRAIN COMPONENTS)
2-63805@0149,ROCKFORD (POWERTRAIN COMPONENTS)
2-64095@0149,ROCKFORD (POWERTRAIN COMPONENTS)
2-78444@0149,ROCKFORD (POWERTRAIN COMPONENTS)
2064129@0149,ROCKFORD (POWERTRAIN COMPONENTS)
221763@0149,ROCKFORD (POWERTRAIN COMPONENTS)
22724@0149,ROCKFORD (POWERTRAIN COMPONENTS)
24905@0149,ROCKFORD (POWERTRAIN COMPONENTS)
26540@0149,ROCKFORD (POWERTRAIN COMPONENTS)
28167J@0149,ROCKFORD (POWERTRAIN COMPONENTS)
28171J@0149,ROCKFORD (POWERTRAIN COMPONENTS)
2A-10077-5@0149,ROCKFORD (POWERTRAIN COMPONENTS)
2A-23960-1@0149,ROCKFORD (POWERTRAIN COMPONENTS)
2A220481@0149,ROCKFORD (POWERTRAIN COMPONENTS)
3-21253@0149,ROCKFORD (POWERTRAIN COMPONENTS)
3-70889@0149,ROCKFORD (POWERTRAIN COMPONENTS)
3-838-180-13721@0149,ROCKFORD (POWERTRAIN COMPONENTS)
3030950@0149,ROCKFORD (POWERTRAIN COMPONENTS)
3065807@0149,ROCKFORD (POWERTRAIN COMPONENTS)
3075821@0149,ROCKFORD (POWERTRAIN COMPONENTS)
330714@0149,ROCKFORD (POWERTRAIN COMPONENTS)
3462-801-22426@0149,ROCKFORD (POWERTRAIN COMPONENTS)
4-10552@0149,ROCKFORD (POWERTRAIN COMPONENTS)
4-154-292-21421@0149,ROCKFORD (POWERTRAIN COMPONENTS)
4-15923@0149,ROCKFORD (POWERTRAIN COMPONENTS)
4-17345@0149,ROCKFORD (POWERTRAIN COMPONENTS)
4-24169@0149,ROCKFORD (POWERTRAIN COMPONENTS)
4-71094@0149,ROCKFORD (POWERTRAIN COMPONENTS)
42-10077-21@0149,ROCKFORD (POWERTRAIN COMPONENTS)
42-22066-1@0149,ROCKFORD (POWERTRAIN COMPONENTS)
C308665@0149,ROCKFORD (POWERTRAIN COMPONENTS)
C313771@0149,ROCKFORD (POWERTRAIN COMPONENTS)
C320811@0149,ROCKFORD (POWERTRAIN COMPONENTS)
CL10036@0149,ROCKFORD (POWERTRAIN COMPONENTS)
CL12599-1886@0149,ROCKFORD (POWERTRAIN COMPONENTS)
CL8015@0149,ROCKFORD (POWERTRAIN COMPONENTS)
"D-12006,D1260Y@1827",NAMCO CONTROLS
M-1350@0887,MINNICH MANUFACTURING
R500B@0696,RAYMARK 
UCL6801-3@0149,ROCKFORD (POWERTRAIN COMPONENTS)
"Z00-1,6@2416",MOELLER ELECTRIC 
